{"cameraMode":{"drawMode":0,"name":"Shaded","section":"Shading Mode"},"sceneLighting":false,"audioPlay":false,"sceneViewState":{"showFog":true,"showMaterialUpdate":false,"showSkybox":false,"showFlares":true,"showImageEffects":true,"showParticleSystems":true},"in2DMode":false,"pivot":{"x":-4.989999771118164,"y":2.7133281230926515,"z":-15.979761123657227},"rotation":{"x":0.05365678295493126,"y":0.017071273177862169,"z":0.0009175333543680608,"w":-0.9984134435653687},"size":41.519779205322269,"orthographic":false}