{"cameraMode":{"drawMode":0,"name":"Shaded","section":"Shading Mode"},"sceneLighting":true,"audioPlay":false,"sceneViewState":{"showFog":true,"showMaterialUpdate":true,"showSkybox":true,"showFlares":true,"showImageEffects":true,"showParticleSystems":true},"in2DMode":false,"pivot":{"x":2.319197177886963,"y":1.297351360321045,"z":2.040781259536743},"rotation":{"x":0.05800020694732666,"y":0.9003927707672119,"z":-0.12671279907226563,"w":0.4121744930744171},"size":6.3289642333984379,"orthographic":false}