{"cameraMode":{"drawMode":0,"name":"Shaded","section":"Shading Mode"},"sceneLighting":true,"audioPlay":false,"sceneViewState":{"showFog":true,"showMaterialUpdate":true,"showSkybox":true,"showFlares":true,"showImageEffects":true,"showParticleSystems":true},"in2DMode":false,"pivot":{"x":-79.82276916503906,"y":18.51551055908203,"z":-127.013427734375},"rotation":{"x":0.2288239747285843,"y":-0.3198874592781067,"z":0.07990606129169464,"w":0.9159390926361084},"size":750.3060913085938,"orthographic":false}