{"cameraMode":{"drawMode":0,"name":"Shaded","section":"Shading Mode"},"sceneLighting":true,"audioPlay":false,"sceneViewState":{"showFog":true,"showMaterialUpdate":true,"showSkybox":true,"showFlares":true,"showImageEffects":true,"showParticleSystems":true},"in2DMode":false,"pivot":{"x":7.913575172424316,"y":-0.06557464599609375,"z":6.670409202575684},"rotation":{"x":-0.15316751599311829,"y":0.8172593116760254,"z":-0.25307831168174746,"w":-0.4945659935474396},"size":6.151102542877197,"orthographic":false}