{"cameraMode":{"drawMode":0,"name":"Shaded","section":"Shading Mode"},"sceneLighting":false,"audioPlay":false,"sceneViewState":{"showFog":true,"showMaterialUpdate":true,"showSkybox":false,"showFlares":true,"showImageEffects":true,"showParticleSystems":true},"in2DMode":false,"pivot":{"x":0.04749751091003418,"y":0.7864160537719727,"z":-0.09663879871368408},"rotation":{"x":0.05800020694732666,"y":0.9003927707672119,"z":-0.12671279907226563,"w":0.4121744930744171},"size":3.1151797771453859,"orthographic":false}