{"cameraMode":{"drawMode":0,"name":"Shaded","section":"Shading Mode"},"sceneLighting":true,"audioPlay":false,"sceneViewState":{"showFog":true,"showMaterialUpdate":true,"showSkybox":true,"showFlares":true,"showImageEffects":true,"showParticleSystems":true},"in2DMode":false,"pivot":{"x":5.200399398803711,"y":0.593563437461853,"z":6.543821334838867},"rotation":{"x":-0.1477040946483612,"y":0.5044488310813904,"z":-0.08804124593734741,"w":-0.8461561799049377},"size":6.190912246704102,"orthographic":false}