{"cameraMode":{"drawMode":0,"name":"Shaded","section":"Shading Mode"},"sceneLighting":true,"audioPlay":false,"sceneViewState":{"showFog":true,"showMaterialUpdate":true,"showSkybox":true,"showFlares":true,"showImageEffects":true,"showParticleSystems":true},"in2DMode":false,"pivot":{"x":1.974228858947754,"y":0.26650142669677737,"z":-3.7045328617095949},"rotation":{"x":-0.22940725088119508,"y":0.5664564371109009,"z":-0.167984277009964,"w":-0.7734971642494202},"size":10.640752792358399,"orthographic":false}