{"cameraMode":{"drawMode":0,"name":"Shaded","section":"Shading Mode"},"sceneLighting":true,"audioPlay":false,"sceneViewState":{"showFog":true,"showMaterialUpdate":true,"showSkybox":true,"showFlares":true,"showImageEffects":true,"showParticleSystems":true},"in2DMode":false,"pivot":{"x":4.449132919311523,"y":0.579953670501709,"z":4.7887444496154789},"rotation":{"x":-0.22940725088119508,"y":0.5664564371109009,"z":-0.167984277009964,"w":-0.7734971642494202},"size":8.209604263305664,"orthographic":false}