{"cameraMode":{"drawMode":0,"name":"Shaded","section":"Shading Mode"},"sceneLighting":true,"audioPlay":false,"sceneViewState":{"showFog":true,"showMaterialUpdate":true,"showSkybox":true,"showFlares":true,"showImageEffects":true,"showParticleSystems":true},"in2DMode":false,"pivot":{"x":7.479057312011719,"y":0.16884469985961915,"z":13.473801612854004},"rotation":{"x":-0.22940725088119508,"y":0.5664564371109009,"z":-0.167984277009964,"w":-0.7734971642494202},"size":11.647523880004883,"orthographic":false}