{"cameraMode":{"drawMode":0,"name":"Shaded","section":"Shading Mode"},"sceneLighting":true,"audioPlay":false,"sceneViewState":{"showFog":true,"showMaterialUpdate":true,"showSkybox":true,"showFlares":true,"showImageEffects":true,"showParticleSystems":true},"in2DMode":false,"pivot":{"x":2.0759401321411135,"y":1.0574606657028199,"z":1.1154859066009522},"rotation":{"x":-0.1477040946483612,"y":0.5044488310813904,"z":-0.08804124593734741,"w":-0.8461561799049377},"size":2.677302122116089,"orthographic":false}