{"cameraMode":{"drawMode":0,"name":"Shaded","section":"Shading Mode"},"sceneLighting":false,"audioPlay":false,"sceneViewState":{"showFog":false,"showMaterialUpdate":false,"showSkybox":false,"showFlares":false,"showImageEffects":false,"showParticleSystems":false},"in2DMode":false,"pivot":{"x":23.180700302124025,"y":6.119711399078369,"z":-2.856781244277954},"rotation":{"x":-0.005823783576488495,"y":-0.9940145015716553,"z":0.06750626116991043,"w":-0.08577495068311691},"size":1.5293232202529908,"orthographic":false}