{"cameraMode":{"drawMode":0,"name":"Shaded","section":"Shading Mode"},"sceneLighting":false,"audioPlay":false,"sceneViewState":{"showFog":true,"showMaterialUpdate":false,"showSkybox":true,"showFlares":true,"showImageEffects":true,"showParticleSystems":true},"in2DMode":false,"pivot":{"x":53.47124481201172,"y":3.8365538120269777,"z":-20.930389404296876},"rotation":{"x":-0.15862716734409333,"y":0.010644896887242794,"z":-0.0017096634255722166,"w":-0.987285315990448},"size":7.320462226867676,"orthographic":false}