{"cameraMode":{"drawMode":0,"name":"Shaded","section":"Shading Mode"},"sceneLighting":false,"audioPlay":false,"sceneViewState":{"showFog":false,"showMaterialUpdate":false,"showSkybox":false,"showFlares":false,"showImageEffects":false,"showParticleSystems":false},"in2DMode":false,"pivot":{"x":68.10450744628906,"y":-61.43339920043945,"z":57.378173828125},"rotation":{"x":-0.24925854802131654,"y":0.43741774559020998,"z":-0.12758757174015046,"w":-0.8545510768890381},"size":137.1747589111328,"orthographic":false}