{"cameraMode":{"drawMode":0,"name":"Shaded","section":"Shading Mode"},"sceneLighting":false,"audioPlay":false,"sceneViewState":{"showFog":false,"showMaterialUpdate":false,"showSkybox":false,"showFlares":false,"showImageEffects":false,"showParticleSystems":false},"in2DMode":false,"pivot":{"x":15.197160720825196,"y":5.292777061462402,"z":-22.231441497802736},"rotation":{"x":-0.10440222173929215,"y":0.6727324724197388,"z":-0.09672842919826508,"w":-0.7260749936103821},"size":7.341902732849121,"orthographic":false}