{"cameraMode":{"drawMode":0,"name":"Shaded","section":"Shading Mode"},"sceneLighting":false,"audioPlay":false,"sceneViewState":{"showFog":true,"showMaterialUpdate":false,"showSkybox":false,"showFlares":true,"showImageEffects":true,"showParticleSystems":true},"in2DMode":false,"pivot":{"x":-0.29075098037719729,"y":0.6787617206573486,"z":0.06081622838973999},"rotation":{"x":-0.15400493144989015,"y":0.6434697508811951,"z":-0.13433317840099336,"w":-0.7376956343650818},"size":3.210632801055908,"orthographic":false}