{"cameraMode":{"drawMode":0,"name":"Shaded","section":"Shading Mode"},"sceneLighting":false,"audioPlay":false,"sceneViewState":{"showFog":false,"showMaterialUpdate":false,"showSkybox":false,"showFlares":false,"showImageEffects":false,"showParticleSystems":false},"in2DMode":false,"pivot":{"x":-19.090213775634767,"y":4.715386390686035,"z":4.207209587097168},"rotation":{"x":-0.1309698224067688,"y":0.7323981523513794,"z":-0.14717598259449006,"w":-0.6517508625984192},"size":31.900775909423829,"orthographic":false}