{"cameraMode":{"drawMode":0,"name":"Shaded","section":"Shading Mode"},"sceneLighting":false,"audioPlay":false,"sceneViewState":{"showFog":false,"showMaterialUpdate":false,"showSkybox":false,"showFlares":false,"showImageEffects":false,"showParticleSystems":false},"in2DMode":false,"pivot":{"x":0.0197523832321167,"y":0.8050941228866577,"z":0.3599998950958252},"rotation":{"x":-0.1309698224067688,"y":0.7323981523513794,"z":-0.14717598259449006,"w":-0.6517508625984192},"size":5.021996021270752,"orthographic":false}