{"cameraMode":{"drawMode":0,"name":"Shaded","section":"Shading Mode"},"sceneLighting":false,"audioPlay":false,"sceneViewState":{"showFog":false,"showMaterialUpdate":false,"showSkybox":false,"showFlares":false,"showImageEffects":false,"showParticleSystems":false},"in2DMode":false,"pivot":{"x":-23.56529426574707,"y":5.018229961395264,"z":3.3176207542419435},"rotation":{"x":-0.09364411979913712,"y":-0.8867678046226502,"z":0.20605042576789857,"w":-0.40302449464797976},"size":3.769418716430664,"orthographic":false}