{"cameraMode":{"drawMode":0,"name":"Shaded","section":"Shading Mode"},"sceneLighting":false,"audioPlay":false,"sceneViewState":{"showFog":true,"showMaterialUpdate":false,"showSkybox":false,"showFlares":true,"showImageEffects":true,"showParticleSystems":true},"in2DMode":false,"pivot":{"x":0.006999969482421875,"y":1.275141716003418,"z":0.12018021941184998},"rotation":{"x":-0.15400493144989015,"y":0.6434697508811951,"z":-0.13433317840099336,"w":-0.7376956343650818},"size":7.278371334075928,"orthographic":false}