{"cameraMode":{"drawMode":0,"name":"Shaded","section":"Shading Mode"},"sceneLighting":false,"audioPlay":false,"sceneViewState":{"showFog":false,"showMaterialUpdate":false,"showSkybox":false,"showFlares":false,"showImageEffects":false,"showParticleSystems":false},"in2DMode":false,"pivot":{"x":-8.751375198364258,"y":8.695012092590332,"z":-12.19826889038086},"rotation":{"x":-0.24074460566043855,"y":0.03666156902909279,"z":-0.00909708347171545,"w":-0.9698591828346252},"size":12.884980201721192,"orthographic":false}