{"cameraMode":{"drawMode":0,"name":"Shaded","section":"Shading Mode"},"sceneLighting":false,"audioPlay":false,"sceneViewState":{"showFog":false,"showMaterialUpdate":false,"showSkybox":false,"showFlares":false,"showImageEffects":false,"showParticleSystems":false},"in2DMode":false,"pivot":{"x":215.529296875,"y":3.83384370803833,"z":-8.252832412719727},"rotation":{"x":-0.1309698224067688,"y":0.7323981523513794,"z":-0.14717598259449006,"w":-0.6517508625984192},"size":14.344058990478516,"orthographic":false}